type,data,info,
description,https://www.huntress.com/blog/defcon-phishing-google-doc-malware,IoCs related to a targeted attack against people who posted about DEF CON on social media,
domain,1foqo[.]lat,Domain hosting malware payloads,
domain,2fksf[.]lat,Domain hosting malware payloads,
domain,3pqow[.]lat,Domain hosting malware payloads,
domain,apple.eu03hub[.]com,Malicious redirect destination in second lure ,
domain,apple-googleapi[.]com,Domain used in the ClickFix-style command.,
domain,eu03hub[.]com,malware domain,4
domain,gapidriver[.]com,Domain hosting malware payloads,
domain,msedgewebview1[.]pro,NetSupport RAT C2,
domain,msedgewebview2[.]pro,NetSupport RAT C2,
domain,signow.web12api[.]com,malware domain,
domain,web12api[.]com,malware domain,
filename,DockerDesktopSvc.exe,malware filename,
filename,GAPIUpdate.dmg,Disk image payload manually downloaded from GitHub.,
filename,SteamClientHelperHost.exe,malware filename,
filename,TeraCopyMonMon.exe,malware filename,
ip,192.253.248[.]181,C2 / Bot host used by the polling backdoor.,
ip,86.54.25[.]213,Panel host receiving exfiltrated data.,
ip,87.120.104[.]88,Host IP address for NetSupport RAT gateways. ,
ip_path,192.253.248[.]181/api/v1/getscpt/,Persistence attempt by macOS trojan,
ip_path,86.54.25[.]213/log,exfil destination,
md5,281f1d9e0638517ac90d61e47fd8be60,Trojanized Electron app bundle App.asar,
path,%APPDATA%\Ledger Live\app.crc32,"Path where infostealer writes a ""botID"" unique string",
path,%TEMP%\Cache_328189ho,One working directory used by the infostealer,
path,%UserProfile%\VirtualBoxVGA,One working directory used by the infostealer,
path,/Library/LaunchDaemons/com.xdivcmp.plist,Persistence mechanism for the backdoor.,
path,/tmp/lksopo,Folder where GAPIUpdate stages artefacts.,
path_filename,%TEMP%\sys.ps1,malware filename,
sha256,01769765835af092c4519177ea6d2fa8d429a359e8af38409c7afd230e358785,DocSendInstaller,
sha256,020a2fb8e83f4fb8d5327062da9f4253b022d58be9ad88c6fce4878be7c211c7,KakaoSetup,
sha256,020c2b5c3bdbad7e79420140af153b574dc4dd5a1eb369f94c691607443cb7c1,LunelaSetup.dmg,
sha256,05163d89ab1782147ba72421302b136470bee4176422c24dce713cb5dbaae0e3,PixelToyInstaller,
sha256,0d7bf132a080c491fd8b12677f449b1f11be2c94856798f61dbb452dac47e37e,KakaoSetup,
sha256,1204c2e5b46284e5cb4671d4c713140c65a6e2e7b8728434a117077298a808f3,MicrosoftTeamsInstaller (1).dmg,
sha256,15afe14b5db2896d35a0c4f3139db85158da120fa90613c975c88f10bbbcc420,GAPIUpdate app bundle executable (./GAPIUpdate.app/Contents/macOS/GAPIUpdate) ,
sha256,163a3d7ba70af0176608a22da629f4b215f2355f78094b60999efff95165461b,PolarisSetup,
sha256,1724cdb6b103fd77e3339109bd17665094a0cb7034cee8a6ed10b873159d193a,WaaaveInstaller.dmg,14
sha256,18610847efe2876714e77458503e487396408547abd0663e96f0b741f58d7107,GAPIUpdate.dmg,1
sha256,1aaea7735859963d42c328e79f6181d37446d16b61ee78555f2e83f402292721,Installer,
sha256,1bb8fb5bc5eee88ae050f94d2d443b2e7d477a2fc37eb4761d7a48e87daf3b95,KakaoSetup.dmg,
sha256,203dcec25a4e8f2887edb518c120fdac60907c009fd7e3a65dda3f3d16d23a7d,BraveInstaller.dmg,18
sha256,22eb4d751ffae3d3909b879bede4d255597c9e4401e58a4c9faaa5beff8df7db,PolarisSetup.dmg,2
sha256,2a1e1604f4d3b64ebcf4115698f586a34bd0dad8dcd22feb810a2ffa197ac716,TLS-intercepting proxy dropper Localcertificate.exe,
sha256,2c5f703a1a13dd17b09b2d7fd41537eb49d221d20240e752ebc581fb98c33712,DocSendInstaller.dmg,
sha256,2d33bc4a084e9d53b00eb6f2702587ae64cc19d98958cca104fbb869c2290f22,WeChatInstaller.dmg,
sha256,30e2655d8b66a0a7337d7bbace8eaa3d7bc26194aa029e2b89e8ca6605567f3a,Flowus.dmg,
sha256,364272a64f9317a0f82306e8677a0c0315725ec5e776ccf76c44aeb76cff7b5b,LunelaSetup,
sha256,3832f2fa36822d0b86a0e8c648c46781aa7b94b04d4ff6e9d4a57811cfb5b3c8,NomnoomInstaller,
sha256,392ef0e05db157393a779b61501edc76edd0531b499669ba8b3bae83b55aa4a9,DocSend,
sha256,3bf4ceeec3fd60f53bffb12202e466eb5bc0a1181bb4285117710e8942b770a9,BraveInstaller,
sha256,461f815fe5a399d354ed7a870e56cb98826adabac25a44904fc44796f957c812,MicrosoftTeamsInstaller.dmg,
sha256,4ab1dff759d68a4274b5f52af331e437e8fa04429bbae67b68e9f49f757515d7,WaaaveInstaller,
sha256,5778968bace0fd54c34d60241d957e19f8fc567b96746419fd9a7509dda0aee9,ZoomFullInstaller.dmg,
sha256,5bb09c9b097212083f1fc1a8391802bc87f73643b54bf047175f38a9f8b93fd5,Ledger wallet implant dropper Asusdriverld.exe,
sha256,63e2688e651469eb8426d7b006962add0d986fae868d0aa421fd4267c9f90e00,launcher,
sha256,713279469823098bbdfef8d5dbcdc855c536a4e6b558d4a7b7c482cdaed65687,MicrosoftTeamsInstaller,
sha256,7a27e88d24a2cfbb5d2fa160933b69cf2230142b5593bb1dc79df217eddf9397,KakaoSetup (1).dmg,
sha256,7aa0c9a44393f6f9e625efa7ec7edd40169b1a0e5958650df8532d2b5c99d91c,DocsendInstaller.exe Malicious Electron/NSIS installer masquerading as DocSend.,
sha256,8007af9671dbca774a745568e23f0422fee6f6f60e979df96763a9bd806dd13a,AmfexInstaller,
sha256,80c1f615bd3477223429a777d971183c0a9bd85de855b2a97013c8128b15d292,NexoraAI.dmg,
sha256,823b7a7266546e627f38bcee2bbeb08eb23d28b627fff0ebac39dae49b24e41c,MicrosoftTeamsAddIn.dmg,
sha256,868d0a79e765d0ccaf63acf9fdd3edd7de82b725e764598e3d23efd7ad47b5a4,GoogleAPI,
sha256,8e9fbcad97935f98dfae23fed88a3e411905693789eded83c4c3908579d3a2e1,AmfexInstaller.dmg,
sha256,96d610e1d17f743a5daeaad681300233ef3c4148ef2bcf9e27f5d00ce208cd31,WeChatInstaller (1).dmg,
sha256,a11cf5d9acc822808597d91541b4995615e249e6b8386aff29adc88dbfa300c6,MicrosoftTeamsInstaller,
sha256,a52602959c487f5af7e0bb470ec53b8bb56d5a087f385c7bf66dd32a474f9d36,Huddle01Installer,
sha256,aa26fa41835a08f808ad9742c432e1c3a6b3cbc496f4169611addc6e0a326cf0,HellStreetSetup,
sha256,b25dae3c3d1f8e57536cd5fca79eeb16f19f1801c53247705c224f6591178945,Huddle01Installer.dmg,
sha256,b3588229bcbdf57b18f6b78bc0abfec89cbfbae7b7e1159c668e123d88dd5b33,GoogleAPI.dmg,
sha256,c43a1a119508bba1945d0c99c029d8a3c70e2a23c85c766ddc199f87bfd36bd3,WeChatInstaller,
sha256,c5912ec37047d9085432976d39098fd360a976a7afba76c786b49e07ecb938df,PixelToyInstaller.dmg,
sha256,c89b70392a33d313ca5ea1b45df1e368f86fdb83f653169d20ed84626d267373,PkgInfo,
sha256,ca9af10a4a25b9ce72824281841cc62067ef9ae65c267cc40dfead99ab1d9655,NomnoomInstaller.dmg,
sha256,d5b90e945a8f59d011f24c24c25d517277aa52c7005d48aa82b9e75bbdf9a1b8,MicrosoftTeamsAddIn,
sha256,dc660f7c06d2ef8253fa36a1b0bb83e849d4eb214fbc84f132522632811e1116,AppIcon.icns,
sha256,ddf86ca05ee4a797ef5663aca8e097046bfc42c8ca8ad1cd11f1c4bf38c68f45,Installer.dmg,
sha256,df5755d11602cda363138b6756f3424858281eb24585ca710ed3176619961a37,HuddleSetup,
sha256,e00b65cc4fe66dbdc1500924e49191a7a9ca906915d20ed448cbbb2cfa938e11,ZoomFullInstaller,
sha256,e262bbd6ad43763da3ac6280ae39b1811ec1926b34ad7b6db687b4c1b0fde073,HuddleSetup.dmg,
sha256,e276bf8744f29c54c0a975d98e31e0229cf020bdbb9b8032731aa395b6421c33,Weaponized NetSupport RAT installer Manager.msi ,
sha256,e36b0f0d03339ec57eddd1847f3bccd4c20360bf58640e01b32c3f43a57079a0,StreamYardInstaller.dmg,
sha256,ec6cdd270620240e7a2c084e75dbc7c886331590e8faf37defea2fe5ffb27c64,DocSend.dmg,
sha256,f09ffc6e2c7282e0724e7e778f50773c10983a8afe6cc96272286ad8c1821e90,Flowus,
sha256,f1ef822be1843062d46335352486636732bba60c93c4b60268113093269f9107,StreamYardInstaller,
sha256,fb1c48a20e44bdedc762b4ce7b4877cf53b49a46edea0f9ffa8c8f3c0569a39d,NexoraAI,
sha256,fe276f0a56e2c38891f38a7e5068881b069d3c7468f45dc93cbb34ac941be750,HellStreetSetup.dmg,
url,docsend[.]com/view/evdfym2aj5tend76,Lure link on legitimate dropbox service.,
url,docsend[.]online/download/drivers,Fake download domain serving the counterfeit DocSend installer.,
url,docsend[.]web12api[.]com/api/launcher/start,Location the host profiling data is sent to and stage two from.,
url,eu03hub[.]com/get_file?file=2Ec6QYynajHw,"Manager.zip, containing the NetSupport RAT",
url,eu03hub[.]com/get_file?file=qV06ev1a1pOY,"Downloads asusdriverld.zip, (Ledger wallet implant)",
url,eu03hub[.]com/get_file?file=T3YxekrHsgfaDdXY,Downloads Localcertificate.zip (TLS-Intercepting local proxy),
url,github[.]com/ariasalmonterachel13/gapi/releases,GitHub Releases location hosting the manual ‘update’ payload.,
url,https://1foqo[.]lat/core4 ,Windows PowerShell loader,
url,https://2fksf[.]lat/res10.php,Windows encrypted payloads,
url,https://2fksf[.]lat/res11.php,Windows encrypted payloads,
url,https://3pqow[.]lat/res12.php,Windows encrypted payloads,
url,https://gapidriver[.]com/installer/GapiUpdate.application,Domain hosting malware payloads,
url,microsoft.eu02hub[.]com,Malicious redirect destination in second lure,
url,signow[.]web12api[.]com/api/launcher/start,Related campaign variant’s launcher location used to obtain stage two.,
